date,close,open,high,low,volume,ticker,nearest_contract
2021-01-04,255.44,254.6,258.8,254.6,2146.0,G_2021,G_2021
2021-01-05,247.86,251.0,251.0,246.3,3524.0,G_2021,G_2021
2021-01-06,247.38,247.8,248.68,247.2,2614.0,G_2021,G_2021
2021-01-07,255.4,250.0,257.0,250.0,2492.0,G_2021,G_2021
2021-01-08,258.76,259.48,262.3,258.7,1998.0,G_2021,G_2021
2021-01-11,262.6,263.0,265.4,261.0,2590.0,G_2021,G_2021
2021-01-12,273.3,264.0,277.0,263.0,4754.0,G_2021,G_2021
2021-01-13,262.65999999999997,269.0,270.5,261.5,5382.0,G_2021,G_2021
2021-01-14,260.3,262.0,265.2,257.7,3412.0,G_2021,G_2021
2021-01-15,255.78,257.0,258.02,254.0,3880.0,G_2021,G_2021
2021-01-18,249.92000000000002,251.6,251.6,248.5,4330.0,G_2021,G_2021
2021-01-19,254.82,252.2,256.4,251.8,3888.0,G_2021,G_2021
2021-01-20,254.26,261.0,261.2,253.3,4094.0,G_2021,G_2021
2021-01-21,255.04000000000002,252.7,257.4,252.6,3330.0,G_2021,G_2021
2021-01-22,261.3,257.2,262.0,257.0,4658.0,G_2021,G_2021
2021-01-25,258.5,264.5,264.8,257.3,4396.0,G_2021,G_2021
2021-01-26,253.32,255.0,256.3,253.2,5066.0,G_2021,G_2021
2021-01-27,252.14,253.5,253.9,252.0,3068.0,G_2021,G_2021
2021-01-28,259.15999999999997,259.5,261.5,257.9,6292.0,G_2021,G_2021
2021-01-29,247.7,263.0,263.0,257.8,4114.0,G_2021,G_2021
2021-02-01,242.22,244.0,245.3,240.8,4204.0,H_2021,H_2021
2021-02-02,243.74,242.5,244.0,242.0,4706.0,H_2021,H_2021
2021-02-03,243.86,240.8,245.3,240.8,5430.0,H_2021,H_2021
2021-02-04,246.24,245.7,246.4,244.8,3148.0,H_2021,H_2021
2021-02-05,249.32,247.4,250.5,247.4,3978.0,H_2021,H_2021
2021-02-08,252.78,260.8,260.8,252.6,5472.0,H_2021,H_2021
2021-02-09,252.76,251.18,253.3,249.7,3460.0,H_2021,H_2021
2021-02-10,251.98000000000002,251.8,254.0,249.6,4014.0,H_2021,H_2021
2021-02-11,248.94,251.4,252.4,248.5,6578.0,H_2021,H_2021
2021-02-12,248.72,246.0,250.0,245.6,4196.0,H_2021,H_2021
2021-02-15,245.04000000000002,244.3,246.2,244.0,2988.0,H_2021,H_2021
2021-02-16,243.9,243.7,245.3,243.4,2692.0,H_2021,H_2021
2021-02-17,242.84,243.0,244.7,242.0,3774.0,H_2021,H_2021
2021-02-18,243.88,243.9,245.2,243.4,2612.0,H_2021,H_2021
2021-02-19,243.3,243.7,245.1,241.7,2026.0,H_2021,H_2021
2021-02-22,239.34,240.5,241.5,239.0,4468.0,H_2021,H_2021
2021-02-23,239.68,241.2,241.5,239.5,3078.0,H_2021,H_2021
2021-02-24,239.57999999999998,240.0,240.4,239.0,3634.0,H_2021,H_2021
2021-02-25,239.94,241.2,241.2,239.4,3286.0,H_2021,H_2021
2021-02-26,235.4,238.2,240.0,238.2,1946.0,H_2021,H_2021
2021-03-01,234.54000000000002,233.0,235.3,233.0,3112.0,J_2021,J_2021
2021-03-02,234.8,234.01999999999998,235.7,234.01999999999998,1660.0,J_2021,J_2021
2021-03-03,233.94,235.0,235.0,233.76,3150.0,J_2021,J_2021
2021-03-04,234.62,233.9,235.5,233.6,2788.0,J_2021,J_2021
2021-03-05,236.8,234.9,237.8,234.9,1890.0,J_2021,J_2021
2021-03-08,237.34,238.0,238.6,236.7,2412.0,J_2021,J_2021
2021-03-09,240.95999999999998,238.4,243.0,238.4,4010.0,J_2021,J_2021
2021-03-10,244.38,244.0,244.7,242.5,3214.0,J_2021,J_2021
2021-03-11,244.88,245.5,245.78,243.2,3636.0,J_2021,J_2021
2021-03-12,246.88,246.0,247.5,243.3,3412.0,J_2021,J_2021
2021-03-15,246.51999999999998,246.8,248.6,245.38,4488.0,J_2021,J_2021
2021-03-16,243.76,245.0,245.4,243.4,3170.0,J_2021,J_2021
2021-03-17,245.12,244.7,247.7,243.8,2648.0,J_2021,J_2021
2021-03-18,246.2,247.3,248.6,245.0,3888.0,J_2021,J_2021
2021-03-19,243.98000000000002,243.5,245.0,243.5,3956.0,J_2021,J_2021
2021-03-22,246.76,243.4,247.7,243.4,2676.0,J_2021,J_2021
2021-03-23,246.36,246.0,247.9,245.24,3112.0,J_2021,J_2021
2021-03-24,246.4,248.0,248.0,246.4,2240.0,J_2021,J_2021
2021-03-25,245.9,247.5,248.7,245.8,1690.0,J_2021,J_2021
2021-03-26,249.06,247.1,249.2,247.0,3130.0,J_2021,J_2021
2021-03-29,246.88,247.4,248.0,245.8,2690.0,J_2021,J_2021
2021-03-30,246.92000000000002,246.0,247.5,245.5,3892.0,J_2021,J_2021
2021-03-31,247.2,246.3,247.0,245.0,2078.0,J_2021,J_2021
2021-04-01,247.7,246.7,248.12,246.7,1322.0,K_2021,K_2021
2021-04-06,249.72,249.5,250.0,248.57999999999998,3676.0,K_2021,K_2021
2021-04-07,249.3,249.7,249.9,248.0,2370.0,K_2021,K_2021
2021-04-08,248.54000000000002,247.6,249.5,247.6,3510.0,K_2021,K_2021
2021-04-09,249.56,248.4,249.72,248.4,2630.0,K_2021,K_2021
2021-04-12,252.84,251.2,254.0,250.6,2320.0,K_2021,K_2021
2021-04-13,253.44,252.9,253.6,252.3,3662.0,K_2021,K_2021
2021-04-14,252.84,252.9,253.4,252.7,2160.0,K_2021,K_2021
2021-04-15,255.78,254.0,256.7,253.8,2866.0,K_2021,K_2021
2021-04-16,257.4,257.2,258.2,256.2,3892.0,K_2021,K_2021
2021-04-19,257.8,257.8,258.6,256.52,2728.0,K_2021,K_2021
2021-04-20,256.86,256.0,257.2,255.2,4582.0,K_2021,K_2021
2021-04-21,257.14,256.0,257.5,255.9,4894.0,K_2021,K_2021
2021-04-22,260.06,258.2,260.42,258.0,3770.0,K_2021,K_2021
2021-04-23,257.6,258.7,259.2,256.7,4092.0,K_2021,K_2021
2021-04-26,257.3,256.9,258.62,256.5,3524.0,K_2021,K_2021
2021-04-27,259.42,256.7,259.42,255.2,4592.0,K_2021,K_2021
2021-04-28,257.22,257.2,258.8,257.0,3662.0,K_2021,K_2021
2021-04-29,258.52,256.6,260.0,256.4,2486.0,K_2021,K_2021
2021-04-30,270.38,258.2,260.4,258.2,1528.0,K_2021,K_2021
2021-05-03,272.72,271.0,273.2,270.8,1502.0,M_2021,M_2021
2021-05-04,270.76,273.0,273.4,269.5,3234.0,M_2021,M_2021
2021-05-05,271.92,270.8,273.46,270.0,2022.0,M_2021,M_2021
2021-05-06,275.84000000000003,272.6,277.7,272.6,2678.0,M_2021,M_2021
2021-05-07,274.36,276.0,276.0,273.7,2004.0,M_2021,M_2021
2021-05-10,278.74,277.0,279.0,277.0,4408.0,M_2021,M_2021
2021-05-11,279.3,276.7,281.0,276.5,3586.0,M_2021,M_2021
2021-05-12,282.84000000000003,282.0,284.6,282.0,3050.0,M_2021,M_2021
2021-05-13,281.58000000000004,282.3,283.2,279.7,2362.0,M_2021,M_2021
2021-05-14,286.14,284.24,286.6,284.24,2672.0,M_2021,M_2021
2021-05-17,285.76,285.2,286.0,283.08000000000004,3842.0,M_2021,M_2021
2021-05-18,279.5,283.8,283.8,277.2,4092.0,M_2021,M_2021
2021-05-19,269.64,274.5,276.5,268.6,7280.0,M_2021,M_2021
2021-05-20,276.7,272.0,278.0,271.0,6052.0,M_2021,M_2021
2021-05-21,278.38,278.98,280.48,274.3,3444.0,M_2021,M_2021
2021-05-24,278.03999999999996,275.6,278.3,275.5,1606.0,M_2021,M_2021
2021-05-25,279.53999999999996,279.6,281.3,279.2,3538.0,M_2021,M_2021
2021-05-26,283.82,282.98,284.8,282.12,3636.0,M_2021,M_2021
2021-05-27,281.64,282.4,283.0,281.0,5566.0,M_2021,M_2021
2021-05-28,279.91999999999996,280.41999999999996,280.8,278.7,3978.0,M_2021,M_2021
2021-05-31,285.56,278.5,279.1,278.1,1008.0,M_2021,M_2021
2021-06-01,288.86,287.8,289.0,287.8,2410.0,N_2021,N_2021
2021-06-02,286.36,287.1,287.6,285.6,1472.0,N_2021,N_2021
2021-06-03,285.68,288.1,288.3,285.4,1278.0,N_2021,N_2021
2021-06-04,286.4,284.8,286.5,283.2,1132.0,N_2021,N_2021
2021-06-07,288.78,286.0,289.2,285.4,1976.0,N_2021,N_2021
2021-06-08,294.2,290.5,294.5,290.5,2286.0,N_2021,N_2021
2021-06-09,296.6,294.5,296.7,292.6,3018.0,N_2021,N_2021
2021-06-10,298.1,296.7,298.3,294.0,3236.0,N_2021,N_2021
2021-06-11,295.1,296.8,298.3,294.7,2652.0,N_2021,N_2021
2021-06-14,298.52,297.1,300.7,296.88,2254.0,N_2021,N_2021
2021-06-15,294.52,297.0,297.0,294.3,2504.0,N_2021,N_2021
2021-06-16,296.18,293.5,296.9,292.4,2770.0,N_2021,N_2021
2021-06-17,294.12,293.2,295.1,292.2,2090.0,N_2021,N_2021
2021-06-18,298.4,296.6,299.1,296.6,1442.0,N_2021,N_2021
2021-06-21,300.46000000000004,301.0,301.2,298.8,2694.0,N_2021,N_2021
2021-06-22,304.76,300.8,305.6,300.8,4148.0,N_2021,N_2021
2021-06-23,309.86,310.0,310.6,307.0,3066.0,N_2021,N_2021
2021-06-24,312.58000000000004,311.0,313.5,311.0,3334.0,N_2021,N_2021
2021-06-25,316.4,314.2,317.2,314.2,3140.0,N_2021,N_2021
2021-06-28,314.44,314.8,315.5,312.24,3920.0,N_2021,N_2021
2021-06-29,318.38,314.0,319.0,314.0,3516.0,N_2021,N_2021
2021-06-30,319.22,317.6,320.3,317.2,2538.0,N_2021,N_2021
2021-07-01,324.56,320.0,326.8,320.0,3832.0,Q_2021,Q_2021
2021-07-02,322.12,322.0,324.0,319.7,2396.0,Q_2021,Q_2021
2021-07-05,325.24,324.5,327.41999999999996,324.2,3504.0,Q_2021,Q_2021
2021-07-06,316.98,328.0,328.3,309.2,3930.0,Q_2021,Q_2021
2021-07-07,313.28,311.0,319.4,307.0,2934.0,Q_2021,Q_2021
2021-07-08,308.18,311.0,312.9,304.0,2434.0,Q_2021,Q_2021
2021-07-09,318.8,316.0,323.0,316.0,1784.0,Q_2021,Q_2021
2021-07-12,316.0,324.1,324.1,313.5,2610.0,Q_2021,Q_2021
2021-07-13,314.36,314.0,316.0,310.0,1992.0,Q_2021,Q_2021
2021-07-14,312.56,311.8,315.5,309.0,1702.0,Q_2021,Q_2021
2021-07-15,312.03999999999996,307.5,312.6,307.5,1576.0,Q_2021,Q_2021
2021-07-16,313.06,308.5,314.1,308.1,1920.0,Q_2021,Q_2021
2021-07-19,314.28,315.0,318.4,311.9,1716.0,Q_2021,Q_2021
2021-07-20,308.28,310.7,311.5,307.8,2764.0,Q_2021,Q_2021
2021-07-21,311.4,308.6,311.6,307.5,2296.0,Q_2021,Q_2021
2021-07-22,306.18,310.0,310.2,305.8,3926.0,Q_2021,Q_2021
2021-07-23,304.1,305.0,305.0,302.7,2970.0,Q_2021,Q_2021
2021-07-26,307.4,302.8,307.7,302.5,3216.0,Q_2021,Q_2021
2021-07-27,309.3,309.5,309.8,308.5,3454.0,Q_2021,Q_2021
2021-07-28,312.64,309.5,314.8,309.5,4310.0,Q_2021,Q_2021
2021-07-29,318.2,314.78,318.9,314.78,2942.0,Q_2021,Q_2021
2021-07-30,326.9,318.0,318.0,314.7,2250.0,Q_2021,Q_2021
2021-08-02,333.9,327.41999999999996,335.6,327.4,2290.0,U_2021,U_2021
2021-08-03,332.5,333.5,334.0,330.8,2050.0,U_2021,U_2021
2021-08-04,331.96000000000004,332.5,334.02,331.5,1962.0,U_2021,U_2021
2021-08-05,332.78,331.0,336.0,330.2,2990.0,U_2021,U_2021
2021-08-06,336.6,338.9,340.0,335.3,1838.0,U_2021,U_2021
2021-08-09,334.96000000000004,334.8,337.0,333.5,1888.0,U_2021,U_2021
2021-08-10,339.8,338.5,340.98,338.0,2264.0,U_2021,U_2021
2021-08-11,342.02,340.2,345.3,337.88,3428.0,U_2021,U_2021
2021-08-12,343.38,344.6,345.0,340.9,2250.0,U_2021,U_2021
2021-08-13,338.72,339.0,340.6,336.5,2596.0,U_2021,U_2021
2021-08-16,344.22,338.0,346.6,338.0,3030.0,U_2021,U_2021
2021-08-17,344.74,344.9,345.7,342.0,2900.0,U_2021,U_2021
2021-08-18,341.12,342.7,344.5,331.2,3398.0,U_2021,U_2021
2021-08-19,328.02,335.0,335.8,323.2,3666.0,U_2021,U_2021
2021-08-20,325.98,329.0,333.0,325.8,3612.0,U_2021,U_2021
2021-08-23,328.7,329.0,334.7,326.8,3832.0,U_2021,U_2021
2021-08-24,336.2,328.6,339.0,328.6,5040.0,U_2021,U_2021
2021-08-25,337.1,341.4,342.5,337.0,3684.0,U_2021,U_2021
2021-08-26,338.41999999999996,336.0,339.0,333.0,5130.0,U_2021,U_2021
2021-08-27,341.96000000000004,340.0,345.0,340.0,1600.0,U_2021,U_2021
2021-08-30,350.52,349.38,354.0,348.5,1956.0,U_2021,U_2021
2021-08-31,354.22,348.5,350.5,346.5,2302.0,U_2021,U_2021
2021-09-01,358.78,363.0,366.4,354.0,3252.0,V_2021,V_2021
2021-09-02,365.34000000000003,358.0,366.3,355.1,3400.0,V_2021,V_2021
2021-09-03,365.82,368.0,370.0,364.0,2200.0,V_2021,V_2021
2021-09-06,369.0,373.0,375.6,366.0,2540.0,V_2021,V_2021
2021-09-07,373.82,368.0,375.0,366.1,3200.0,V_2021,V_2021
2021-09-08,377.02,379.0,379.0,373.0,3090.0,V_2021,V_2021
2021-09-09,383.14,379.98,384.0,377.5,2798.0,V_2021,V_2021
2021-09-10,387.8,381.4,389.3,378.5,2766.0,V_2021,V_2021
2021-09-13,405.98,388.12,407.5,388.12,4704.0,V_2021,V_2021
2021-09-14,423.4,406.0,431.98,406.0,4092.0,V_2021,V_2021
2021-09-15,460.1,440.0,478.0,422.0,6626.0,V_2021,V_2021
2021-09-16,416.0,430.0,443.0,409.5,6336.0,V_2021,V_2021
2021-09-17,417.38,414.0,423.1,408.0,3204.0,V_2021,V_2021
2021-09-20,445.1,436.0,451.5,430.0,3696.0,V_2021,V_2021
2021-09-21,433.92,454.2,459.0,426.5,4180.0,V_2021,V_2021
2021-09-22,420.14,424.0,424.0,416.0,5888.0,V_2021,V_2021
2021-09-23,418.78,420.0,424.0,411.0,3612.0,V_2021,V_2021
2021-09-24,416.52,413.0,419.9,404.6,3102.0,V_2021,V_2021
2021-09-27,431.14,407.5,436.0,407.5,5466.0,V_2021,V_2021
2021-09-28,452.34,452.0,470.0,441.0,4258.0,V_2021,V_2021
2021-09-29,439.5,450.5,459.5,438.5,5214.0,V_2021,V_2021
2021-09-30,527.3199999999999,456.0,480.0,450.5,1996.0,V_2021,V_2021
2021-10-01,537.14,540.3,540.3,526.0,2320.0,X_2021,X_2021
2021-10-04,573.0,550.0799999999999,578.0,542.0,2980.0,X_2021,X_2021
2021-10-05,671.92,582.0,680.0,574.2,3936.0,X_2021,X_2021
2021-10-06,614.46,730.0,850.0,598.0,9714.0,X_2021,X_2021
2021-10-07,567.0,520.0,614.0,510.0,5066.0,X_2021,X_2021
2021-10-08,525.04,550.0,590.0,510.0,3414.0,X_2021,X_2021
2021-10-11,510.08,500.0,524.0,470.0,3328.0,X_2021,X_2021
2021-10-12,509.5,486.0,511.3,480.0,2846.0,X_2021,X_2021
2021-10-13,530.4,530.0,540.5,527.0,3596.0,X_2021,X_2021
2021-10-14,551.72,568.0,573.6,543.6,2550.0,X_2021,X_2021
2021-10-15,551.0,565.5,566.0,518.0,2150.0,X_2021,X_2021
2021-10-18,518.1800000000001,500.0,567.5,500.0,3206.0,X_2021,X_2021
2021-10-19,512.0,494.0,522.0,494.0,2260.0,X_2021,X_2021
2021-10-20,529.04,518.0,534.6,518.0,3486.0,X_2021,X_2021
2021-10-21,510.0,527.2,528.9,504.5,3458.0,X_2021,X_2021
2021-10-22,526.12,508.0,531.0,508.0,2424.0,X_2021,X_2021
2021-10-25,532.8399999999999,530.0,534.0,523.0,2760.0,X_2021,X_2021
2021-10-26,529.3,532.0,548.0,526.1,3468.0,X_2021,X_2021
2021-10-27,512.4200000000001,520.0,520.0,506.0,4398.0,X_2021,X_2021
2021-10-28,469.0,464.0,488.7,462.0,3112.0,X_2021,X_2021
2021-10-29,452.0,484.0,492.0,438.0,2554.0,X_2021,X_2021
2021-11-01,429.68,468.0,470.0,424.0,2160.0,Z_2021,Z_2021
2021-11-02,448.84,450.0,460.5,430.0,2592.0,Z_2021,Z_2021
2021-11-03,474.1,466.0,485.0,452.6,2318.0,Z_2021,Z_2021
2021-11-04,464.5,460.0,484.0,456.0,2558.0,Z_2021,Z_2021
2021-11-05,464.9,468.0,480.5,459.4,2324.0,Z_2021,Z_2021
2021-11-08,476.58,480.0,483.0,464.0,2352.0,Z_2021,Z_2021
2021-11-09,456.46,470.0,472.0,438.0,2998.0,Z_2021,Z_2021
2021-11-10,433.86,427.0,443.0,420.0,3358.0,Z_2021,Z_2021
2021-11-11,450.34,450.0,458.0,435.0,2172.0,Z_2021,Z_2021
2021-11-12,465.5,468.0,470.0,455.0,1966.0,Z_2021,Z_2021
2021-11-15,476.0,468.0,486.0,468.0,2492.0,Z_2021,Z_2021
2021-11-16,510.02,489.5,526.5,484.0,3774.0,Z_2021,Z_2021
2021-11-17,546.38,540.0,549.98,518.0,3050.0,Z_2021,Z_2021
2021-11-18,517.3199999999999,510.0,529.0,504.0,3194.0,Z_2021,Z_2021
2021-11-19,497.34,526.0,531.0,494.0,2282.0,Z_2021,Z_2021
2021-11-22,490.0,480.0,494.0,474.0,3260.0,Z_2021,Z_2021
2021-11-23,510.0,475.0,510.0,470.0,2942.0,Z_2021,Z_2021
2021-11-24,523.24,513.0,528.5,501.0,4094.0,Z_2021,Z_2021
2021-11-25,526.6,516.0,516.0,500.0,3084.0,Z_2021,Z_2021
2021-11-26,504.62,516.0,516.0,500.0,3084.0,Z_2021,Z_2021
2021-11-29,552.02,540.0,566.0,540.0,2380.0,Z_2021,Z_2021
2021-11-30,626.8199999999999,630.0,632.0,586.0,2398.0,Z_2021,Z_2021
2021-12-01,622.26,624.0,628.5,615.0,710.0,F_2022,F_2022
2021-12-02,619.1800000000001,614.8199999999999,630.0,597.0,1222.0,F_2022,F_2022
2021-12-03,626.6800000000001,621.0,631.0,618.0,982.0,F_2022,F_2022
2021-12-06,618.0,609.98,621.5,609.98,1044.0,F_2022,F_2022
2021-12-07,635.46,632.0,647.0,632.0,1630.0,F_2022,F_2022
2021-12-08,674.52,656.0,675.0,656.0,1556.0,F_2022,F_2022
2021-12-09,654.06,660.0,666.24,634.0,2908.0,F_2022,F_2022
2021-12-10,662.0,654.0,673.0,648.2,1576.0,F_2022,F_2022
2021-12-13,727.38,720.0,736.0,715.0,948.0,F_2022,F_2022
2021-12-14,740.8,730.0,760.0,720.0,2040.0,F_2022,F_2022
2021-12-15,761.38,759.0,774.0,739.6,1700.0,F_2022,F_2022
2021-12-16,963.56,850.0,980.0,810.0,2842.0,F_2022,F_2022
2021-12-17,904.76,870.0,934.0,830.0,1930.0,F_2022,F_2022
2021-12-20,920.2,892.0,924.6,884.0,1192.0,F_2022,F_2022
2021-12-21,1017.46,948.0,1030.0,948.0,1402.0,F_2022,F_2022
2021-12-22,997.64,952.0,1030.0,922.0,1644.0,F_2022,F_2022
2021-12-23,842.56,900.0,900.0,780.0,2068.0,F_2022,F_2022
2021-12-24,842.56,,,,,F_2022,F_2022
2021-12-27,677.18,610.0,710.0,590.0,484.0,F_2022,F_2022
2021-12-28,693.34,660.0,700.0,660.0,1012.0,F_2022,F_2022
2021-12-29,623.52,660.02,660.02,620.0,1282.0,F_2022,F_2022
2021-12-30,592.88,610.0,614.0,586.02,1268.0,F_2022,F_2022
2021-12-31,737.3,,,,,F_2022,F_2022
2022-01-03,650.0,617.0,696.0,617.0,744.0,G_2022,G_2022
2022-01-04,692.0,670.0,699.0,652.0,1356.0,G_2022,G_2022
2022-01-05,664.2,684.0,700.0,658.0,1330.0,G_2022,G_2022
2022-01-06,670.0,680.0,701.0,664.96,1634.0,G_2022,G_2022
2022-01-07,650.26,700.0,700.0,630.0,2080.0,G_2022,G_2022
2022-01-10,614.0,616.0,622.0,602.0,2598.0,G_2022,G_2022
2022-01-11,577.4200000000001,590.0,591.7,563.5,2016.0,G_2022,G_2022
2022-01-12,548.1600000000001,576.0,590.0,538.0,2342.0,G_2022,G_2022
2022-01-13,536.78,532.0,570.0,515.98,3122.0,G_2022,G_2022
2022-01-14,580.52,610.0,621.0,568.0,3504.0,G_2022,G_2022
2022-01-17,528.22,580.0,580.0,524.0,3048.0,G_2022,G_2022
2022-01-18,528.24,540.0,540.0,516.98,4612.0,G_2022,G_2022
2022-01-19,514.0,526.5,526.5,505.54,4818.0,G_2022,G_2022
2022-01-20,508.9,500.0,520.8,490.0,3332.0,G_2022,G_2022
2022-01-21,528.24,518.0,540.5,510.0,2756.0,G_2022,G_2022
2022-01-24,571.94,540.0,583.0,530.0,3086.0,G_2022,G_2022
2022-01-25,587.4,564.0,592.0,560.0,4084.0,G_2022,G_2022
2022-01-26,563.1800000000001,555.0,572.0,548.0,5348.0,G_2022,G_2022
2022-01-27,562.0,562.0,567.0,557.0,3002.0,G_2022,G_2022
2022-01-28,556.0,566.0,566.0,554.0,2794.0,G_2022,G_2022
2022-01-31,535.46,526.0,526.0,504.0,2690.0,G_2022,G_2022
2022-02-01,490.56,520.6,522.0,488.0,3676.0,H_2022,H_2022
2022-02-02,513.86,496.0,518.02,496.0,2932.0,H_2022,H_2022
2022-02-03,505.94,506.0,518.0,505.2,3468.0,H_2022,H_2022
2022-02-04,518.8199999999999,516.0,524.6,512.0,2580.0,H_2022,H_2022
2022-02-07,494.9,494.0,501.9,490.0,3588.0,H_2022,H_2022
2022-02-08,487.84,513.0,514.0,476.0,4444.0,H_2022,H_2022
2022-02-09,478.96,472.0,482.02,472.0,4042.0,H_2022,H_2022
2022-02-10,472.16,474.0,482.7,466.02,3016.0,H_2022,H_2022
2022-02-11,470.02,468.0,480.0,467.0,2078.0,H_2022,H_2022
2022-02-14,485.88,502.0,504.0,482.6,2756.0,H_2022,H_2022
2022-02-15,459.36,475.0,475.0,444.5,2442.0,H_2022,H_2022
2022-02-16,452.42,438.0,459.0,436.5,3190.0,H_2022,H_2022
2022-02-17,461.46,456.98,468.0,454.48,3344.0,H_2022,H_2022
2022-02-18,453.9,450.0,457.5,448.0,3308.0,H_2022,H_2022
2022-02-21,462.0,447.5,463.0,447.5,3462.0,H_2022,H_2022
2022-02-22,499.86,476.0,505.5,476.0,5392.0,H_2022,H_2022
2022-02-23,547.6600000000001,505.0,550.0,504.8,4166.0,H_2022,H_2022
2022-02-24,744.58,670.0,778.02,625.98,3900.0,H_2022,H_2022
2022-02-25,574.0,630.0,660.0,556.0,3606.0,H_2022,H_2022
2022-02-28,608.3,610.0,632.0,562.0,1688.0,H_2022,H_2022
2022-03-01,654.36,602.0,682.0,602.0,2354.0,J_2022,J_2022
2022-03-02,801.34,720.0,900.0,720.0,1942.0,J_2022,J_2022
2022-03-03,837.64,890.0,950.0,740.0,2720.0,J_2022,J_2022
2022-03-04,993.84,750.0,1052.0,750.0,4490.0,J_2022,J_2022
2022-03-07,1114.12,1050.0,1500.0,1010.0,1872.0,J_2022,J_2022
2022-03-08,1065.6,1180.0,1220.0,960.0,1814.0,J_2022,J_2022
2022-03-09,823.16,937.0,972.0,780.0,2348.0,J_2022,J_2022
2022-03-10,747.98,800.0,829.0,694.0,2170.0,J_2022,J_2022
2022-03-11,715.26,670.0,730.0,637.0,2374.0,J_2022,J_2022
2022-03-14,643.04,650.0,670.0,624.0,1606.0,J_2022,J_2022
2022-03-15,659.1800000000001,636.0,676.0,634.0,1998.0,J_2022,J_2022
2022-03-16,603.78,656.0,669.7,592.0,2496.0,J_2022,J_2022
2022-03-17,604.7,606.0,625.0,598.0,2698.0,J_2022,J_2022
2022-03-18,589.86,608.0,618.4,575.0,1842.0,J_2022,J_2022
2022-03-21,553.54,564.0,578.0,543.0,2602.0,J_2022,J_2022
2022-03-22,559.72,537.7,570.0,536.0,3180.0,J_2022,J_2022
2022-03-23,634.78,554.0,660.0,554.0,3132.0,J_2022,J_2022
2022-03-24,613.3399999999999,610.0,664.0,594.0,2884.0,J_2022,J_2022
2022-03-25,587.5799999999999,586.0,620.0,566.0,1952.0,J_2022,J_2022
2022-03-28,598.0,560.0,614.0,560.0,2086.0,J_2022,J_2022
2022-03-29,622.8199999999999,600.0,629.0,598.0,2580.0,J_2022,J_2022
2022-03-30,635.9,600.0,660.0,590.0,2786.0,J_2022,J_2022
2022-03-31,678.76,610.0,630.0,580.0,2394.0,J_2022,J_2022
2022-04-01,662.9,694.0,702.0,635.0,1242.0,K_2022,K_2022
2022-04-04,612.4200000000001,636.0,642.0,612.0,1788.0,K_2022,K_2022
2022-04-05,608.86,615.98,618.0,596.0,2502.0,K_2022,K_2022
2022-04-06,611.0,600.0,625.0,600.0,2544.0,K_2022,K_2022
2022-04-07,598.86,598.0,603.5,594.0,1656.0,K_2022,K_2022
2022-04-08,607.6,607.0,616.5,590.02,1492.0,K_2022,K_2022
2022-04-11,582.8,596.0,596.0,573.8,1188.0,K_2022,K_2022
2022-04-12,583.5,590.0,594.0,578.2,1480.0,K_2022,K_2022
2022-04-13,588.14,582.0,592.4,582.0,2074.0,K_2022,K_2022
2022-04-14,571.0,580.5,580.5,541.0,2786.0,K_2022,K_2022
2022-04-19,560.04,542.0,562.0,542.0,2944.0,K_2022,K_2022
2022-04-20,564.26,554.0,569.8,552.0,3660.0,K_2022,K_2022
2022-04-21,569.0,556.0,585.0,556.0,2894.0,K_2022,K_2022
2022-04-22,560.28,590.0,590.0,558.0,3248.0,K_2022,K_2022
2022-04-25,554.9200000000001,566.0,578.0,545.0,3246.0,K_2022,K_2022
2022-04-26,535.1,546.0,579.0,526.98,3214.0,K_2022,K_2022
2022-04-27,580.5,640.0,650.0,572.98,3444.0,K_2022,K_2022
2022-04-28,560.0,560.0,574.0,551.72,3058.0,K_2022,K_2022
2022-04-29,578.9200000000001,548.0,572.0,545.0,1996.0,K_2022,K_2022
2022-05-02,553.0,550.0,556.0,546.0,648.0,M_2022,M_2022
2022-05-03,559.9200000000001,536.3,567.5,536.3,2430.0,M_2022,M_2022
2022-05-04,578.94,554.98,589.9,554.98,2950.0,M_2022,M_2022
2022-05-05,587.98,586.0,598.0,579.0,2724.0,M_2022,M_2022
2022-05-06,569.0,581.0,587.0,560.0,2676.0,M_2022,M_2022
2022-05-09,546.6,559.0,559.4200000000001,535.8,1890.0,M_2022,M_2022
2022-05-10,533.62,524.8,570.0,521.0,3116.0,M_2022,M_2022
2022-05-11,547.3399999999999,562.0,562.0,538.0,3196.0,M_2022,M_2022
2022-05-12,587.3199999999999,570.0,614.0,564.0,3518.0,M_2022,M_2022
2022-05-13,563.62,586.0,586.0,552.5,1626.0,M_2022,M_2022
2022-05-16,547.6600000000001,542.52,551.0,539.98,2106.0,M_2022,M_2022
2022-05-17,554.0,536.0,560.0,528.0,2452.0,M_2022,M_2022
2022-05-18,547.0,544.0,560.0,542.0,2560.0,M_2022,M_2022
2022-05-19,535.4,544.0,546.0,530.0,2570.0,M_2022,M_2022
2022-05-20,532.8399999999999,528.0,536.0,523.6,2018.0,M_2022,M_2022
2022-05-23,518.6,518.0,525.0,513.0,1708.0,M_2022,M_2022
2022-05-24,519.3,520.0,528.0,519.0,2532.0,M_2022,M_2022
2022-05-25,520.0799999999999,524.0,528.0,519.5,2342.0,M_2022,M_2022
2022-05-26,519.76,525.0,525.0,517.38,858.0,M_2022,M_2022
2022-05-27,517.0,516.5,520.0,512.0,1040.0,M_2022,M_2022
2022-05-30,522.06,520.0,530.0,520.0,2240.0,M_2022,M_2022
2022-05-31,566.3399999999999,529.1,541.5,529.1,554.0,M_2022,M_2022
2022-06-01,544.78,546.02,550.0799999999999,537.0,1014.0,N_2022,N_2022
2022-06-02,530.02,532.1,537.8,526.0,726.0,N_2022,N_2022
2022-06-03,527.46,529.6600000000001,531.0,525.0,540.0,N_2022,N_2022
2022-06-06,521.12,522.0,524.0,515.5,1106.0,N_2022,N_2022
2022-06-07,511.96,516.0,516.0,507.9,1946.0,N_2022,N_2022
2022-06-08,501.2,514.02,514.02,499.8,1742.0,N_2022,N_2022
2022-06-09,521.0,530.0,539.0,518.0,2868.0,N_2022,N_2022
2022-06-10,514.38,518.0,518.0,511.0,1454.0,N_2022,N_2022
2022-06-13,513.4,506.0,516.6,505.5,1070.0,N_2022,N_2022
2022-06-14,558.1,518.0,563.8,514.5,2204.0,N_2022,N_2022
2022-06-15,622.0,578.0,662.0,574.0,4002.0,N_2022,N_2022
2022-06-16,695.38,670.0,748.0,637.0,3318.0,N_2022,N_2022
2022-06-17,645.8199999999999,650.0,686.0,623.0,1918.0,N_2022,N_2022
2022-06-20,663.86,639.8,668.0,638.0,1684.0,N_2022,N_2022
2022-06-21,678.78,668.0,688.0,668.0,2088.0,N_2022,N_2022
2022-06-22,699.02,677.0,709.0,672.0,2718.0,N_2022,N_2022
2022-06-23,724.0,694.0,736.0,694.0,3168.0,N_2022,N_2022
2022-06-24,701.78,740.0,742.0,695.0,2700.0,N_2022,N_2022
2022-06-27,697.98,724.0,724.0,681.0,2380.0,N_2022,N_2022
2022-06-28,696.92,684.0,700.5,674.0,2386.0,N_2022,N_2022
2022-06-29,722.34,692.0,730.0,690.0,3362.0,N_2022,N_2022
2022-06-30,780.04,734.0,740.0,712.2,1202.0,N_2022,N_2022
2022-07-01,759.68,788.1,788.1,742.0,1662.0,Q_2022,Q_2022
2022-07-04,817.9,766.0,840.0,765.5,2050.0,Q_2022,Q_2022
2022-07-05,838.34,850.0,868.0,830.0,3676.0,Q_2022,Q_2022
2022-07-06,873.96,810.02,897.0,800.0,2564.0,Q_2022,Q_2022
2022-07-07,953.86,900.0,966.0,897.78,2500.0,Q_2022,Q_2022
2022-07-08,898.22,922.0,946.0,865.0,2606.0,Q_2022,Q_2022
2022-07-11,878.22,880.1,912.0,850.0,2202.0,Q_2022,Q_2022
2022-07-12,878.78,870.1,896.0,856.2,2144.0,Q_2022,Q_2022
2022-07-13,888.36,890.0,906.0,884.0,2202.0,Q_2022,Q_2022
2022-07-14,893.42,899.0,914.0,884.0,1690.0,Q_2022,Q_2022
2022-07-15,835.94,876.0,882.0,820.0,1792.0,Q_2022,Q_2022
2022-07-18,820.0,840.0,850.0,810.2,1314.0,Q_2022,Q_2022
2022-07-19,805.1,820.0,842.0,790.5,2198.0,Q_2022,Q_2022
2022-07-20,778.12,806.0,820.0,773.98,1866.0,Q_2022,Q_2022
2022-07-21,782.16,770.0,794.0,756.0,2626.0,Q_2022,Q_2022
2022-07-22,826.16,806.0,829.2,806.0,2278.0,Q_2022,Q_2022
2022-07-25,852.84,820.0,878.0,806.0,1854.0,Q_2022,Q_2022
2022-07-26,942.5,890.0,992.0,890.0,2640.0,Q_2022,Q_2022
2022-07-27,977.62,1016.0,1040.0,920.0,3158.0,Q_2022,Q_2022
2022-07-28,959.32,944.0,962.0,944.0,1796.0,Q_2022,Q_2022
2022-07-29,958.38,938.0,945.0,895.4,1772.0,Q_2022,Q_2022
2022-08-01,970.44,970.0,986.0,960.0,832.0,U_2022,U_2022
2022-08-02,994.42,1000.0,1004.98,974.0,1530.0,U_2022,U_2022
2022-08-03,980.16,984.0,987.0,964.0,1770.0,U_2022,U_2022
2022-08-04,975.42,956.0,982.0,944.0,1774.0,U_2022,U_2022
2022-08-05,956.68,983.0,983.0,952.0,1304.0,U_2022,U_2022
2022-08-08,936.9,952.0,962.0,928.0,2298.0,U_2022,U_2022
2022-08-09,922.96,914.0,940.0,910.0,2448.0,U_2022,U_2022
2022-08-10,983.02,950.0,988.0,944.0,1814.0,U_2022,U_2022
2022-08-11,1003.48,1000.0,1022.0,983.0,2362.0,U_2022,U_2022
2022-08-12,983.76,971.02,987.34,964.0,1830.0,U_2022,U_2022
2022-08-15,1016.24,1010.0,1060.0,1006.0,1358.0,U_2022,U_2022
2022-08-16,1093.12,1068.0,1152.0,1046.0,2294.0,U_2022,U_2022
2022-08-17,1106.8400000000001,1080.0,1136.0,1078.0,2034.0,U_2022,U_2022
2022-08-18,1157.04,1130.0,1164.0,1114.0,2464.0,U_2022,U_2022
2022-08-19,1156.48,1142.0,1210.0,1114.0,2888.0,U_2022,U_2022
2022-08-22,1257.06,1300.0,1350.0,1256.0,1742.0,U_2022,U_2022
2022-08-23,1251.12,1294.0,1302.0,1226.0,2102.0,U_2022,U_2022
2022-08-24,1295.54,1270.0,1340.0,1200.0,2778.0,U_2022,U_2022
2022-08-25,1393.0,1370.0,1420.0,1358.0,2702.0,U_2022,U_2022
2022-08-26,1490.0,1250.0,1490.0,1250.0,2582.0,U_2022,U_2022
2022-08-29,1282.0,1340.0,1420.0,1250.0,2114.0,U_2022,U_2022
2022-08-30,1188.54,1250.0,1250.0,1140.0,2360.0,U_2022,U_2022
2022-08-31,1140.8,1170.0,1182.0,1070.0,682.0,U_2022,U_2022
2022-09-01,1118.94,1080.0,1150.0,1042.0,2076.0,V_2022,V_2022
2022-09-02,1061.2,1060.0,1116.0,1000.0,2510.0,V_2022,V_2022
2022-09-05,1136.42,1210.0,1280.0,1070.0,1524.0,V_2022,V_2022
2022-09-06,1054.1399999999999,1050.0,1098.0,994.0,1620.0,V_2022,V_2022
2022-09-07,1032.0,1110.0,1110.0,984.0,1834.0,V_2022,V_2022
2022-09-08,987.48,970.0,1024.0,922.0,2056.0,V_2022,V_2022
2022-09-09,960.8,980.0,990.0,945.0,1108.0,V_2022,V_2022
2022-09-12,915.74,899.8,940.0,890.0,1472.0,V_2022,V_2022
2022-09-13,916.46,890.0,946.0,865.0,1332.0,V_2022,V_2022
2022-09-14,998.64,930.0,1040.0,930.0,1890.0,V_2022,V_2022
2022-09-15,996.28,1030.0,1090.0,970.0,2306.0,V_2022,V_2022
2022-09-16,895.0,950.0,962.0,883.98,1952.0,V_2022,V_2022
2022-09-19,854.18,870.0,870.02,818.0,1592.0,V_2022,V_2022
2022-09-20,851.9,790.0,900.0,790.0,2724.0,V_2022,V_2022
2022-09-21,891.74,930.0,960.0,846.0,2656.0,V_2022,V_2022
2022-09-22,881.22,842.0,901.88,840.0,2940.0,V_2022,V_2022
2022-09-23,824.28,850.0,866.0,820.0,2602.0,V_2022,V_2022
2022-09-26,804.0,787.0,816.0,780.0,1846.0,V_2022,V_2022
2022-09-27,831.18,810.0,922.0,808.0,3334.0,V_2022,V_2022
2022-09-28,878.06,910.0,920.0,852.0,2530.0,V_2022,V_2022
2022-09-29,812.24,853.0,858.0,808.0,2170.0,V_2022,V_2022
